instant,dteday,seasons,yr,mnth,holiday_num,weekday_num,weekday_cat,workingday_num,weathersit,atemp,hum,windspeed,casual,registered
1,2018-01-01,winter,0,1,1,0,monday,0,2,18.18125,80.5833,10.749882,331,654
2,2018-01-02,winter,0,1,0,1,tuesday,1,2,17.68695,69.6087,16.652113,131,670
3,2018-01-03,winter,0,1,0,2,wednesday,1,1,9.47025,43.7273,16.636703,120,1229
4,2018-01-04,winter,0,1,0,3,thursday,1,1,10.6061,59.0435,10.739832,108,1454
5,2018-01-05,winter,0,1,0,4,friday,1,1,11.4635,43.6957,12.5223,82,1518
6,2018-01-06,winter,0,1,0,5,saturday,0,1,11.66045,51.8261,6.0008684,88,1518
7,2018-01-07,winter,0,1,0,6,sunday,0,2,10.44195,49.8696,11.304642,148,1362
8,2018-01-08,winter,0,1,0,0,monday,1,2,8.1127,53.5833,17.875868,68,891
9,2018-01-09,winter,0,1,0,1,tuesday,1,1,5.80875,43.4167,24.25065,54,768
10,2018-01-10,winter,0,1,0,2,wednesday,1,1,7.5444,48.2917,14.958889,41,1280
11,2018-01-11,winter,0,1,0,3,thursday,1,2,9.5732,68.6364,8.182844,43,1220
12,2018-01-12,winter,0,1,0,4,friday,1,1,8.02365,59.9545,20.410009,25,1137
13,2018-01-13,winter,0,1,0,5,saturday,0,1,7.54415,47.0417,20.167,38,1368
14,2018-01-14,winter,0,1,0,6,sunday,0,1,9.42065,53.7826,8.478716,54,1367
15,2018-01-15,winter,0,1,0,0,monday,1,2,12.4056,49.875,10.583521,222,1026
16,2018-01-16,winter,0,1,1,1,tuesday,0,1,11.71085,48.375,12.625011,251,953
17,2018-01-17,winter,0,1,0,2,wednesday,1,2,8.83855,53.75,12.999139,117,883
18,2018-01-18,winter,0,1,0,3,thursday,1,2,11.61665,86.1667,9.833925,9,674
19,2018-01-19,winter,0,1,0,4,friday,1,2,14.9211,74.1739,13.957239,78,1572
20,2018-01-20,winter,0,1,0,5,saturday,0,2,12.7525,53.8333,13.125568,83,1844
21,2018-01-21,winter,0,1,0,6,sunday,0,1,7.89165,45.7083,23.667214,75,1468
22,2018-01-22,winter,0,1,0,0,monday,1,1,3.95348,40.0,11.52199,93,888
23,2018-01-23,winter,0,1,0,1,tuesday,1,1,4.941955,43.6522,16.5222,150,836
24,2018-01-24,winter,0,1,0,2,wednesday,1,1,5.8965,49.1739,10.60811,86,1330
25,2018-01-25,winter,0,1,0,3,thursday,1,2,11.7263,61.6957,8.696332,186,1799
26,2018-01-26,winter,0,1,0,4,friday,1,3,10.18,86.25,19.68795,34,472
27,2018-01-27,winter,0,1,0,5,saturday,0,1,10.985,68.75,7.627079,15,416
28,2018-01-28,winter,0,1,0,6,sunday,0,2,11.16585,79.3043,8.2611,38,1129
29,2018-01-29,winter,0,1,0,0,monday,1,1,10.6063,65.1739,9.739455,123,975
30,2018-01-30,winter,0,1,0,1,tuesday,1,1,12.5161,72.2174,4.9568342,140,956
31,2018-01-31,winter,0,1,0,2,wednesday,1,2,9.3125,60.375,12.541864,42,1459
32,2018-02-01,winter,0,2,0,3,thursday,1,2,11.7265,82.9565,3.565271,47,1313
33,2018-02-02,winter,0,2,0,4,friday,1,2,12.72085,77.5417,17.708636,72,1454
34,2018-02-03,winter,0,2,0,5,saturday,0,1,8.8939,43.7826,18.609384,61,1489
35,2018-02-04,winter,0,2,0,6,sunday,0,2,11.42935,58.5217,8.565213,88,1620
36,2018-02-05,winter,0,2,0,0,monday,1,2,12.1529,92.9167,10.792293,100,905
37,2018-02-06,winter,0,2,0,1,tuesday,1,1,14.58355,56.8333,9.5006,354,1269
38,2018-02-07,winter,0,2,0,2,wednesday,1,1,15.1829,73.8333,3.0423561,120,1592
39,2018-02-08,winter,0,2,0,3,thursday,1,1,9.9123,53.7917,24.25065,64,1466
40,2018-02-09,winter,0,2,0,4,friday,1,2,7.21415,49.4783,12.652213,53,1552
41,2018-02-10,winter,0,2,0,5,saturday,0,1,7.4774,43.7391,14.869645,47,1491
42,2018-02-11,winter,0,2,0,6,sunday,0,1,10.67545,50.6364,7.27285,149,1597
43,2018-02-12,winter,0,2,0,0,monday,1,1,11.6477,54.4167,13.625589,288,1184
44,2018-02-13,winter,0,2,1,1,tuesday,0,1,16.20565,45.7391,17.479161,397,1192
45,2018-02-14,winter,0,2,0,2,wednesday,1,1,19.9175,37.5833,12.125325,208,1705
46,2018-02-15,winter,0,2,0,3,thursday,1,1,12.7137,31.4348,19.522058,140,1675
47,2018-02-16,winter,0,2,0,4,friday,1,1,15.81,42.3478,16.869997,218,1897
48,2018-02-17,winter,0,2,0,5,saturday,0,1,21.4329,50.5,15.416968,259,2216
49,2018-02-18,winter,0,2,0,6,sunday,0,1,25.59915,51.6667,17.749975,579,2348
50,2018-02-19,winter,0,2,0,0,monday,1,1,19.5702,62.625,12.125325,532,1103
51,2018-02-20,winter,0,2,1,1,tuesday,0,1,13.8665,40.7826,14.956745,639,1173
52,2018-02-21,winter,0,2,0,2,wednesday,1,2,14.20375,60.5,20.625682,195,912
53,2018-02-22,winter,0,2,0,3,thursday,1,1,9.30165,57.7778,13.110761,74,1376
54,2018-02-23,winter,0,2,0,4,friday,1,1,12.28585,42.3043,6.305571,139,1778
55,2018-02-24,winter,0,2,0,5,saturday,0,2,14.45955,69.7391,16.783232,100,1707
56,2018-02-25,winter,0,2,0,6,sunday,0,2,17.52305,71.2174,23.218113,120,1341
57,2018-02-26,winter,0,2,0,0,monday,1,1,14.1096,53.7917,12.500257,424,1545
58,2018-02-27,winter,0,2,0,1,tuesday,1,1,17.55545,68.0,8.391616,694,1708
59,2018-02-28,winter,0,2,0,2,wednesday,1,2,20.0059,87.6364,19.408962,81,1365
60,2018-03-01,winter,0,3,0,3,thursday,1,1,13.19395,53.5,14.500475,137,1714
61,2018-03-02,winter,0,3,0,4,friday,1,1,16.00355,44.9583,20.624811,231,1903
62,2018-03-03,winter,0,3,0,5,saturday,0,1,10.00665,31.8333,15.125518,123,1562
63,2018-03-04,winter,0,3,0,6,sunday,0,2,12.78395,61.0417,13.624182,214,1730
64,2018-03-05,winter,0,3,0,0,monday,1,2,18.93895,78.9167,16.875357,640,1437
65,2018-03-06,winter,0,3,0,1,tuesday,1,2,18.3126,94.8261,23.000229,114,491
66,2018-03-07,winter,0,3,0,2,wednesday,1,1,11.92305,55.1304,22.870584,244,1628
67,2018-03-08,winter,0,3,0,3,thursday,1,1,15.12,42.0833,8.08355,316,1817
68,2018-03-09,winter,0,3,0,4,friday,1,2,14.3304,77.5417,14.75005,191,1700
69,2018-03-10,winter,0,3,0,5,saturday,0,3,19.2834,62.625,17.545759,46,577
70,2018-03-11,winter,0,3,0,6,sunday,0,2,15.25,64.9565,15.60899,247,1730
71,2018-03-12,winter,0,3,0,0,monday,1,1,16.2875,59.4583,14.791925,724,1408
72,2018-03-13,winter,0,3,0,1,tuesday,1,1,19.00455,52.7391,18.130468,982,1435
73,2018-03-14,winter,0,3,0,2,wednesday,1,1,16.6,49.6957,9.174042,359,1687
74,2018-03-15,winter,0,3,0,3,thursday,1,2,15.9089,65.5652,12.348703,289,1767
75,2018-03-16,winter,0,3,0,4,friday,1,2,18.3465,77.6522,13.608839,321,1871
76,2018-03-17,winter,0,3,0,5,saturday,0,1,20.51665,60.2917,14.041793,424,2320
77,2018-03-18,winter,0,3,0,6,sunday,0,1,26.35045,52.5217,15.478139,884,2355
78,2018-03-19,winter,0,3,0,0,monday,1,1,23.32625,37.9167,24.667189,1424,1693
79,2018-03-20,winter,0,3,0,1,tuesday,1,1,16.2875,47.375,13.917307,1047,1424
80,2018-03-21,spring,0,3,0,2,wednesday,1,2,20.48675,73.7391,19.348461,401,1676
81,2018-03-22,spring,0,3,0,3,thursday,1,1,22.0321,62.4583,15.12525,460,2243
82,2018-03-23,spring,0,3,0,4,friday,1,2,16.89695,83.9565,15.695487,203,1918
83,2018-03-24,spring,0,3,0,5,saturday,0,2,13.54165,80.5833,16.333729,166,1699
84,2018-03-25,spring,0,3,0,6,sunday,0,1,12.8156,49.5,15.458575,300,1910
85,2018-03-26,spring,0,3,0,0,monday,1,1,12.87855,39.4167,14.041257,981,1515
86,2018-03-27,spring,0,3,0,1,tuesday,1,2,12.51695,49.3913,12.3481,472,1221
87,2018-03-28,spring,0,3,0,2,wednesday,1,1,12.8787,30.2174,14.217668,222,1806
88,2018-03-29,spring,0,3,0,3,thursday,1,1,14.6454,31.4167,15.208732,317,2108
89,2018-03-30,spring,0,3,0,4,friday,1,2,14.8675,64.6667,11.583496,168,1368
90,2018-03-31,spring,0,3,1,5,saturday,0,3,12.87875,91.8333,14.582282,179,1506
91,2018-04-01,spring,0,4,0,6,sunday,0,2,14.1727,68.625,17.333436,307,1920
92,2018-04-02,spring,0,4,0,0,monday,1,2,15.78185,65.375,13.208782,898,1354
93,2018-04-03,spring,0,4,0,1,tuesday,1,1,18.93835,48.0,12.208271,1651,1598
94,2018-04-04,spring,0,4,0,2,wednesday,1,1,27.14645,42.625,12.125325,734,2381
95,2018-04-05,spring,0,4,0,3,thursday,1,2,19.9175,64.2083,12.125325,167,1628
96,2018-04-06,spring,0,4,0,4,friday,1,1,19.3804,47.0833,17.625221,413,2395
97,2018-04-07,spring,0,4,0,5,saturday,0,1,21.6848,60.2917,10.874904,571,2570
98,2018-04-08,spring,0,4,0,6,sunday,0,2,16.22395,83.625,15.208464,172,1299
99,2018-04-09,spring,0,4,0,0,monday,1,2,17.07645,87.75,8.916561,879,1576
100,2018-04-10,spring,0,4,0,1,tuesday,1,2,21.33685,85.75,9.833389,1188,1707
101,2018-04-11,spring,0,4,0,2,wednesday,1,2,28.26085,71.6956,21.739758,855,2493
102,2018-04-12,spring,0,4,0,3,thursday,1,2,24.6527,73.9167,18.416893,257,1777
103,2018-04-13,spring,0,4,0,4,friday,1,2,20.86415,81.9167,16.791339,209,1953
104,2018-04-14,spring,0,4,0,5,saturday,0,1,23.1371,54.0417,7.4169,529,2738
105,2018-04-15,spring,0,4,0,6,sunday,0,1,22.09565,67.125,15.167125,642,2484
106,2018-04-16,spring,0,4,0,0,monday,1,3,21.2746,88.8333,22.834136,121,674
107,2018-04-17,spring,0,4,0,1,tuesday,1,1,22.2848,47.9583,20.334232,1558,2186
108,2018-04-18,spring,0,4,0,2,wednesday,1,1,25.1573,54.25,10.958989,669,2760
109,2018-04-19,spring,0,4,0,3,thursday,1,2,24.4629,66.5833,10.584057,409,2795
110,2018-04-20,spring,0,4,0,4,friday,1,1,28.2196,61.4167,16.208975,613,3331
111,2018-04-21,spring,0,4,0,5,saturday,0,1,22.6946,40.7083,21.792286,745,3444
112,2018-04-22,spring,0,4,0,6,sunday,0,2,16.0977,72.9583,14.707907,177,1506
113,2018-04-23,spring,0,4,0,0,monday,1,2,22.50605,88.7917,15.458575,1462,2574
114,2018-04-24,spring,0,4,0,1,tuesday,1,2,27.58815,81.0833,12.875725,1710,2481
115,2018-04-25,spring,0,4,0,2,wednesday,1,1,28.725,77.6667,12.417311,773,3300
116,2018-04-26,spring,0,4,0,3,thursday,1,1,29.70415,72.9167,21.8755,678,3722
117,2018-04-27,spring,0,4,0,4,friday,1,2,28.7571,83.5417,20.9174,547,3325
118,2018-04-28,spring,0,4,0,5,saturday,0,2,28.94645,70.0833,21.500836,569,3489
119,2018-04-29,spring,0,4,0,6,sunday,0,1,24.87315,45.7083,16.084221,878,3717
120,2018-04-30,spring,0,4,0,0,monday,1,1,23.20105,50.3333,15.750025,1965,3347
121,2018-05-01,spring,0,5,0,1,tuesday,1,2,22.4102,76.2083,7.125718,1138,2213
122,2018-05-02,spring,0,5,0,2,wednesday,1,2,26.64165,73.0,12.291418,847,3554
123,2018-05-03,spring,0,5,0,3,thursday,1,2,29.10395,69.7083,22.958689,603,3848
124,2018-05-04,spring,0,5,0,4,friday,1,2,20.2325,73.7083,22.042732,255,2378
125,2018-05-05,spring,0,5,0,5,saturday,0,1,22.09585,44.4167,19.791264,614,3819
126,2018-05-06,spring,0,5,0,6,sunday,0,1,23.70585,59.0,15.292482,894,3714
127,2018-05-07,spring,0,5,0,0,monday,1,1,25.63105,54.125,10.75015,1612,3102
128,2018-05-08,spring,0,5,0,1,tuesday,1,1,25.94665,63.1667,5.0007125,1401,2932
129,2018-05-09,spring,0,5,0,2,wednesday,1,1,26.2623,58.875,11.792,664,3698
130,2018-05-10,spring,0,5,0,3,thursday,1,1,26.13605,48.9167,7.749957,694,4109
131,2018-05-11,spring,0,5,0,4,friday,1,1,26.42,63.2917,8.083014,550,3632
132,2018-05-12,spring,0,5,0,5,saturday,0,1,26.16815,74.75,12.707689,695,4169
133,2018-05-13,spring,0,5,0,6,sunday,0,2,24.715,86.3333,12.041575,692,3413
134,2018-05-14,spring,0,5,0,0,monday,1,2,25.03145,92.25,9.04165,902,2507
135,2018-05-15,spring,0,5,0,1,tuesday,1,2,26.8,86.7083,10.249593,1582,2971
136,2018-05-16,spring,0,5,0,2,wednesday,1,1,27.5256,78.7917,8.500357,773,3185
137,2018-05-17,spring,0,5,0,3,thursday,1,2,26.92645,83.7917,18.582718,678,3445
138,2018-05-18,spring,0,5,0,4,friday,1,2,26.3579,87.0,13.499964,536,3319
139,2018-05-19,spring,0,5,0,5,saturday,0,2,25.5371,82.9583,7.250271,735,3840
140,2018-05-20,spring,0,5,0,6,sunday,0,1,26.4521,71.9583,8.375871,909,4008
141,2018-05-21,spring,0,5,0,0,monday,1,1,28.59875,62.6667,8.08355,2258,3547
142,2018-05-22,spring,0,5,0,1,tuesday,1,1,28.725,74.9583,9.916536,1576,3084
143,2018-05-23,spring,0,5,0,2,wednesday,1,2,29.5148,81.0,15.667414,836,3438
144,2018-05-24,spring,0,5,0,3,thursday,1,2,30.24065,74.0833,13.875164,659,3833
145,2018-05-25,spring,0,5,0,4,friday,1,1,30.7771,69.625,10.333611,740,4238
146,2018-05-26,spring,0,5,0,5,saturday,0,1,32.7344,67.75,13.376014,758,3919
147,2018-05-27,spring,0,5,0,6,sunday,0,1,31.8504,65.375,16.125493,871,3808
148,2018-05-28,spring,0,5,0,0,monday,1,1,30.61895,72.9583,15.416164,2001,2757
149,2018-05-29,spring,0,5,1,1,tuesday,0,1,30.7775,81.875,14.333846,717,2433
150,2018-05-30,spring,0,5,0,2,wednesday,1,1,33.5546,68.5,8.792075,1549,2549
151,2018-05-31,spring,0,5,0,3,thursday,1,1,36.26915,63.6667,7.459043,673,3309
152,2018-06-01,spring,0,6,0,4,friday,1,2,36.04835,67.7083,13.875164,513,3461
153,2018-06-02,spring,0,6,0,5,saturday,0,1,32.1971,30.5,19.583229,736,4232
154,2018-06-03,spring,0,6,0,6,sunday,0,1,29.35665,35.4167,16.959107,898,4414
155,2018-06-04,spring,0,6,0,0,monday,1,1,29.7348,45.625,8.250514,1869,3473
156,2018-06-05,spring,0,6,0,1,tuesday,1,2,30.8402,65.25,9.292364,1685,3221
157,2018-06-06,spring,0,6,0,2,wednesday,1,1,31.0929,60.0,8.167032,673,3875
158,2018-06-07,spring,0,6,0,3,thursday,1,1,32.7975,59.7917,12.583136,763,4070
159,2018-06-08,spring,0,6,0,4,friday,1,1,36.36395,62.2083,9.166739,676,3725
160,2018-06-09,spring,0,6,0,5,saturday,0,2,37.87895,56.8333,10.042161,563,3352
161,2018-06-10,spring,0,6,0,6,sunday,0,1,35.1646,60.5,9.417118,815,3771
162,2018-06-11,spring,0,6,0,0,monday,1,1,33.9019,65.4583,10.37495,1729,3237
163,2018-06-12,spring,0,6,0,1,tuesday,1,1,32.16625,74.7917,10.958989,1467,2993
164,2018-06-13,spring,0,6,0,2,wednesday,1,1,30.0827,49.4583,20.45845,863,4157
165,2018-06-14,spring,0,6,0,3,thursday,1,1,29.5773,50.7083,18.041961,727,4164
166,2018-06-15,spring,0,6,0,4,friday,1,1,29.3877,47.1667,11.250104,769,4411
167,2018-06-16,spring,0,6,0,5,saturday,0,2,29.7673,68.8333,13.833557,545,3222
168,2018-06-17,spring,0,6,0,6,sunday,0,1,30.01915,73.5833,9.582943,863,3981
169,2018-06-18,spring,0,6,0,0,monday,1,1,32.1977,67.0417,8.000336,1807,3312
170,2018-06-19,spring,0,6,0,1,tuesday,1,2,32.2923,66.6667,6.834,1639,3105
171,2018-06-20,spring,0,6,0,2,wednesday,1,2,29.7673,74.625,10.416825,699,3311
172,2018-06-21,summer,0,6,0,3,thursday,1,2,31.8823,77.0417,11.458675,774,4061
173,2018-06-22,summer,0,6,0,4,friday,1,1,34.69145,70.75,11.541554,661,3846
174,2018-06-23,summer,0,6,0,5,saturday,0,2,34.69165,70.3333,15.999868,746,4044
175,2018-06-24,summer,0,6,0,6,sunday,0,1,32.82915,57.3333,14.875675,969,4022
176,2018-06-25,summer,0,6,0,0,monday,1,1,32.16565,48.3333,14.041257,1782,3420
177,2018-06-26,summer,0,6,0,1,tuesday,1,1,31.88145,51.3333,6.3337311,1920,3385
178,2018-06-27,summer,0,6,0,2,wednesday,1,2,31.8502,65.8333,7.208396,854,3854
179,2018-06-28,summer,0,6,0,3,thursday,1,1,34.6279,63.4167,9.666961,732,3916
180,2018-06-29,summer,0,6,0,4,friday,1,1,32.7344,49.7917,17.542007,848,4377
181,2018-06-30,summer,0,6,0,5,saturday,0,1,31.8504,43.4167,12.415904,1027,4488
182,2018-07-01,summer,0,7,0,6,sunday,0,1,32.6081,39.625,6.874736,1246,4116
183,2018-07-02,summer,0,7,0,0,monday,1,1,33.3654,44.4583,7.709154,2204,2915
184,2018-07-03,summer,0,7,0,1,tuesday,1,2,33.42875,68.25,15.333486,717,2367
185,2018-07-04,summer,0,7,1,2,wednesday,0,2,33.27085,63.7917,5.4591064,717,2978
186,2018-07-05,summer,0,7,1,3,thursday,0,1,34.8169,59.0417,8.459286,1031,3634
187,2018-07-06,summer,0,7,0,4,friday,1,1,34.28165,74.3333,10.042161,784,3845
188,2018-07-07,summer,0,7,0,5,saturday,0,1,34.34355,65.125,10.6664,754,3838
189,2018-07-08,summer,0,7,0,6,sunday,0,2,33.52415,75.7917,15.083643,692,3348
190,2018-07-09,summer,0,7,0,0,monday,1,1,33.2079,60.9167,11.250104,1988,3348
191,2018-07-10,summer,0,7,0,1,tuesday,1,1,34.50125,57.8333,12.292557,1743,3138
192,2018-07-11,summer,0,7,0,2,wednesday,1,1,36.4902,63.5833,18.916579,723,3363
193,2018-07-12,summer,0,7,0,3,thursday,1,1,36.96375,55.9167,13.417018,662,3596
194,2018-07-13,summer,0,7,0,4,friday,1,1,34.4702,63.1667,9.790911,748,3594
195,2018-07-14,summer,0,7,0,5,saturday,0,1,31.7552,47.625,16.124689,888,4196
196,2018-07-15,summer,0,7,0,6,sunday,0,1,31.21855,59.125,12.249811,1318,4220
197,2018-07-16,summer,0,7,0,0,monday,1,1,31.91315,58.5,13.958914,717,3505
198,2018-07-17,summer,0,7,0,1,tuesday,1,1,33.49165,60.4167,16.417211,2006,3296
199,2018-07-18,summer,0,7,0,2,wednesday,1,1,35.19625,65.125,14.458868,841,3617
200,2018-07-19,summer,0,7,0,3,thursday,1,1,37.37395,65.0417,8.7502,752,3789
201,2018-07-20,summer,0,7,0,4,friday,1,1,37.3425,70.7083,7.625739,644,3688
202,2018-07-21,summer,0,7,0,5,saturday,0,2,41.31855,69.125,14.875407,632,3152
203,2018-07-22,summer,0,7,0,6,sunday,0,1,42.0448,58.0417,8.9177,562,2825
204,2018-07-23,summer,0,7,0,0,monday,1,1,40.21435,50.0,8.791807,987,2298
205,2018-07-24,summer,0,7,0,1,tuesday,1,1,39.74145,55.0833,11.334457,1050,2556
206,2018-07-25,summer,0,7,0,2,wednesday,1,1,36.0479,75.7083,6.0841561,568,3272
207,2018-07-26,summer,0,7,0,3,thursday,1,1,34.84895,54.0833,13.417286,750,3840
208,2018-07-27,summer,0,7,0,4,friday,1,1,34.53335,40.2917,12.292021,755,3901
209,2018-07-28,summer,0,7,1,5,saturday,0,1,36.995,58.3333,11.958093,606,3784
210,2018-07-29,summer,0,7,0,6,sunday,0,1,39.29835,54.25,11.667246,670,3176
211,2018-07-30,summer,0,7,0,0,monday,1,1,36.42685,46.5833,11.291979,1559,2916
212,2018-07-31,summer,0,7,0,1,tuesday,1,1,36.4898,48.0833,11.042471,1524,2778
213,2018-08-01,summer,0,8,0,2,wednesday,1,1,35.1646,55.0833,10.500039,729,3537
214,2018-08-02,summer,0,8,0,3,thursday,1,1,35.35355,49.125,13.79195,801,4044
215,2018-08-03,summer,0,8,0,4,friday,1,2,33.99685,65.75,9.084061,467,3107
216,2018-08-04,summer,0,8,0,5,saturday,0,2,33.2394,75.75,13.20905,799,3777
217,2018-08-05,summer,0,8,0,6,sunday,0,1,32.82835,63.0833,12.374632,1023,3843
218,2018-08-06,summer,0,8,0,0,monday,1,2,33.8077,75.5,15.29275,1521,2773
219,2018-08-07,summer,0,8,0,1,tuesday,1,1,35.7646,75.2917,13.499629,1298,2487
220,2018-08-08,summer,0,8,0,2,wednesday,1,1,35.16415,59.2083,12.875725,846,3480
221,2018-08-09,summer,0,8,0,3,thursday,1,1,36.20605,57.0417,10.125107,907,3695
222,2018-08-10,summer,0,8,0,4,friday,1,1,34.24915,42.4167,13.417286,884,3896
223,2018-08-11,summer,0,8,0,5,saturday,0,1,32.57605,42.375,11.041332,812,3980
224,2018-08-12,summer,0,8,0,6,sunday,0,1,32.7021,41.5,8.416607,1051,3854
225,2018-08-13,summer,0,8,0,0,monday,1,2,32.2929,72.9583,14.167418,1504,2646
226,2018-08-14,summer,0,8,0,1,tuesday,1,2,31.2194,81.75,14.916411,1338,2482
227,2018-08-15,summer,0,8,0,2,wednesday,1,1,30.80835,71.2083,13.999918,775,3563
228,2018-08-16,summer,0,8,0,3,thursday,1,1,32.29185,57.8333,15.834043,721,4004
229,2018-08-17,summer,0,8,0,4,friday,1,1,33.33355,57.5417,9.625689,668,4026
230,2018-08-18,summer,0,8,0,5,saturday,0,1,33.1129,65.4583,15.624936,639,3166
231,2018-08-19,summer,0,8,0,6,sunday,0,2,31.66105,72.2917,9.333636,797,3356
232,2018-08-20,summer,0,8,0,0,monday,1,1,32.4498,67.4167,6.999289,1914,3277
233,2018-08-21,summer,0,8,0,1,tuesday,1,1,33.77625,77.0,16.666518,1249,2624
234,2018-08-22,summer,0,8,0,2,wednesday,1,1,31.9127,47.0,18.54225,833,3925
235,2018-08-23,summer,0,8,0,3,thursday,1,1,30.30335,45.5417,9.833121,1281,4614
236,2018-08-24,summer,0,8,0,4,friday,1,1,31.5346,60.5,16.958236,949,4181
237,2018-08-25,summer,0,8,0,5,saturday,0,2,32.2927,77.1667,14.125811,435,3107
238,2018-08-26,summer,0,8,0,6,sunday,0,1,32.98665,76.125,5.6254875,768,3893
239,2018-08-27,summer,0,8,0,0,monday,1,2,31.7778,85.0,25.166339,226,889
240,2018-08-28,summer,0,8,0,1,tuesday,1,1,32.39795,56.1765,20.412153,1415,2919
241,2018-08-29,summer,0,8,0,2,wednesday,1,1,30.3979,55.4583,10.708275,729,3905
242,2018-08-30,summer,0,8,0,3,thursday,1,1,29.7352,54.8333,8.375536,775,4429
243,2018-08-31,summer,0,8,0,4,friday,1,1,30.55605,59.7917,5.5833311,688,4370
244,2018-09-01,summer,0,9,0,5,saturday,0,1,30.74605,63.9167,9.500332,783,4332
245,2018-09-02,summer,0,9,0,6,sunday,0,2,30.2404,72.7083,9.375243,875,3852
246,2018-09-03,summer,0,9,0,0,monday,1,1,31.66065,71.6667,12.416775,1935,2549
247,2018-09-04,summer,0,9,1,1,tuesday,0,1,33.27145,74.2083,13.833289,717,2419
248,2018-09-05,summer,0,9,0,2,wednesday,1,2,31.2823,79.0417,14.250632,1236,2115
249,2018-09-06,summer,0,9,0,3,thursday,1,3,25.76,88.6957,23.044181,204,2506
250,2018-09-07,summer,0,9,0,4,friday,1,3,27.21145,91.7083,6.5003936,118,1878
251,2018-09-08,summer,0,9,0,5,saturday,0,3,27.76805,93.9565,12.914116,153,1689
252,2018-09-09,summer,0,9,0,6,sunday,0,2,28.9473,89.7917,8.333393,417,3127
253,2018-09-10,summer,0,9,0,0,monday,1,1,30.3981,75.375,10.291736,1750,3595
254,2018-09-11,summer,0,9,0,1,tuesday,1,1,30.46145,71.375,7.708618,1633,3413
255,2018-09-12,summer,0,9,0,2,wednesday,1,1,30.1065,69.2174,5.957171,690,4023
256,2018-09-13,summer,0,9,0,3,thursday,1,1,30.1777,71.25,9.500868,701,4062
257,2018-09-14,summer,0,9,0,4,friday,1,1,31.345,69.7083,11.2091,647,4138
258,2018-09-15,summer,0,9,0,5,saturday,0,2,27.68355,70.9167,18.166782,428,3231
259,2018-09-16,summer,0,9,0,6,sunday,0,2,23.07375,59.0417,11.000261,742,4018
260,2018-09-17,summer,0,9,0,0,monday,1,2,23.9256,71.8333,12.708225,1434,3077
261,2018-09-18,summer,0,9,0,1,tuesday,1,1,24.52685,69.5,11.958361,1353,2921
262,2018-09-19,summer,0,9,0,2,wednesday,1,2,26.48375,69.0,10.166714,691,3848
263,2018-09-20,summer,0,9,0,3,thursday,1,2,26.61085,88.125,9.041918,438,3203
264,2018-09-21,summer,0,9,0,4,friday,1,2,27.52665,90.0,6.4590814,539,3813
265,2018-09-22,summer,0,9,0,5,saturday,0,2,27.74815,90.2083,8.584375,555,4240
266,2018-09-23,autumn,0,9,0,6,sunday,0,2,26.10625,97.25,5.2505689,258,2137
267,2018-09-24,autumn,0,9,0,0,monday,1,2,28.2206,86.25,5.2516811,1776,3647
268,2018-09-25,autumn,0,9,0,1,tuesday,1,2,28.63185,84.5,3.3754064,1544,3466
269,2018-09-26,autumn,0,9,0,2,wednesday,1,2,29.4521,84.8333,7.4169,684,3946
270,2018-09-27,autumn,0,9,0,3,thursday,1,2,28.72625,88.5417,7.917457,477,3643
271,2018-09-28,autumn,0,9,0,4,friday,1,2,28.7579,84.875,9.958143,480,3427
272,2018-09-29,autumn,0,9,0,5,saturday,0,1,28.7256,69.9167,11.583161,653,4186
273,2018-09-30,autumn,0,9,0,6,sunday,0,1,27.24145,64.75,13.833825,830,4372
274,2018-10-01,autumn,0,10,0,0,monday,1,2,20.64315,75.375,19.583832,480,1949
275,2018-10-02,autumn,0,10,0,1,tuesday,1,2,17.26585,79.1667,14.874871,616,2302
276,2018-10-03,autumn,0,10,0,2,wednesday,1,2,19.6023,76.0833,5.5841686,330,3240
277,2018-10-04,autumn,0,10,0,3,thursday,1,1,23.6429,71.0,13.792218,486,3970
278,2018-10-05,autumn,0,10,0,4,friday,1,1,26.3569,64.7917,11.87575,559,4267
279,2018-10-06,autumn,0,10,0,5,saturday,0,1,24.02125,62.0833,9.041918,639,4126
280,2018-10-07,autumn,0,10,0,6,sunday,0,1,25.2202,68.4167,1.5002439,949,4036
281,2018-10-08,autumn,0,10,0,0,monday,1,1,25.6621,70.125,3.0420814,2235,3174
282,2018-10-09,autumn,0,10,0,1,tuesday,1,1,26.19915,72.75,4.25115,717,3114
283,2018-10-10,autumn,0,10,0,2,wednesday,1,1,27.14625,73.375,2.8343814,1514,3603
284,2018-10-11,autumn,0,10,0,3,thursday,1,2,27.3048,80.875,9.583814,667,3896
285,2018-10-12,autumn,0,10,0,4,friday,1,3,25.88585,90.625,16.62605,217,2199
286,2018-10-13,autumn,0,10,0,5,saturday,0,2,27.5902,89.6667,9.499729,290,2623
287,2018-10-14,autumn,0,10,0,6,sunday,0,2,26.48375,71.625,15.000161,529,3115
288,2018-10-15,autumn,0,10,0,0,monday,1,1,24.93625,48.3333,17.291561,1899,3318
289,2018-10-16,autumn,0,10,0,1,tuesday,1,1,25.1577,48.6667,18.875039,1748,3293
290,2018-10-17,autumn,0,10,0,2,wednesday,1,1,25.53625,57.9583,11.750393,713,3857
291,2018-10-18,autumn,0,10,0,3,thursday,1,2,26.13605,70.1667,7.375829,637,4111
292,2018-10-19,autumn,0,10,0,4,friday,1,3,25.6924,89.5217,16.303713,254,2170
293,2018-10-20,autumn,0,10,0,5,saturday,0,1,23.32625,63.625,12.125325,471,3724
294,2018-10-21,autumn,0,10,0,6,sunday,0,1,21.1798,57.4167,14.833532,676,3628
295,2018-10-22,autumn,0,10,0,0,monday,1,1,21.2746,62.9167,6.2086689,1499,2809
296,2018-10-23,autumn,0,10,0,1,tuesday,1,1,21.11665,74.125,6.6673375,1619,2762
297,2018-10-24,autumn,0,10,0,2,wednesday,1,1,22.85335,77.2083,7.959064,699,3488
298,2018-10-25,autumn,0,10,0,3,thursday,1,1,23.16875,62.2917,11.166086,695,3992
299,2018-10-26,autumn,0,10,0,4,friday,1,2,23.6423,72.0417,9.959014,404,3490
300,2018-10-27,autumn,0,10,0,5,saturday,0,2,22.8523,81.2917,13.250121,240,2419
301,2018-10-28,autumn,0,10,0,6,sunday,0,2,15.9406,58.5833,15.375093,456,3291
302,2018-10-29,autumn,0,10,0,0,monday,1,3,11.39565,88.25,23.541857,57,570
303,2018-10-30,autumn,0,10,0,1,tuesday,1,1,16.06645,62.375,11.833339,885,2446
304,2018-10-31,autumn,0,10,0,2,wednesday,1,1,17.80315,70.3333,7.12545,362,3307
305,2018-11-01,autumn,0,11,0,3,thursday,1,1,19.8544,68.375,9.083257,410,3658
306,2018-11-02,autumn,0,11,0,4,friday,1,1,19.50665,71.875,5.5001439,370,3816
307,2018-11-03,autumn,0,11,0,5,saturday,0,1,20.29605,70.2083,9.166739,318,3656
308,2018-11-04,autumn,0,11,0,6,sunday,0,2,20.1696,62.25,18.209193,470,3576
309,2018-11-05,autumn,0,11,0,0,monday,1,1,16.1927,51.9167,12.667154,1156,2770
310,2018-11-06,autumn,0,11,0,1,tuesday,1,1,18.1179,73.4583,6.1676314,952,2697
311,2018-11-07,autumn,0,11,0,2,wednesday,1,1,20.04355,75.875,3.834075,373,3662
312,2018-11-08,autumn,0,11,0,3,thursday,1,1,20.6123,72.1667,4.6255125,376,3829
313,2018-11-09,autumn,0,11,0,4,friday,1,1,20.45395,75.8333,4.1671186,305,3804
314,2018-11-10,autumn,0,11,1,5,saturday,0,2,18.68605,81.3333,12.667489,190,2743
315,2018-11-11,autumn,0,11,0,6,sunday,0,1,15.34085,44.625,21.083225,440,2928
316,2018-11-12,autumn,0,11,0,0,monday,1,1,17.8971,55.2917,14.208154,1275,2792
317,2018-11-13,autumn,0,11,0,1,tuesday,1,1,21.5275,45.8333,18.875307,1004,2713
318,2018-11-14,autumn,0,11,0,2,wednesday,1,1,26.2306,58.7083,20.541932,595,3891
319,2018-11-15,autumn,0,11,0,3,thursday,1,2,25.37895,68.875,13.375411,449,3746
320,2018-11-16,autumn,0,11,0,4,friday,1,3,22.5994,93.0,9.167543,145,1672
321,2018-11-17,autumn,0,11,0,5,saturday,0,2,16.16105,57.5833,20.459254,139,2914
322,2018-11-18,autumn,0,11,0,6,sunday,0,1,13.63605,41.0,11.291711,245,3147
323,2018-11-19,autumn,0,11,0,0,monday,1,1,16.22415,50.2083,15.041232,943,2720
324,2018-11-20,autumn,0,11,0,1,tuesday,1,2,22.8529,68.4583,12.45865,787,2733
325,2018-11-21,autumn,0,11,0,2,wednesday,1,3,22.2531,91.0,9.249618,220,2545
326,2018-11-22,autumn,0,11,0,3,thursday,1,3,21.0848,96.25,7.959064,69,1538
327,2018-11-23,autumn,0,11,1,4,friday,0,2,21.52685,75.7917,22.500275,112,2454
328,2018-11-24,autumn,0,11,1,5,saturday,0,1,18.62355,54.9167,11.209368,560,935
329,2018-11-25,autumn,0,11,0,6,sunday,0,1,19.03355,64.375,6.6260186,1095,1697
330,2018-11-26,autumn,0,11,0,0,monday,1,1,19.25435,68.1667,4.5841936,1249,1819
331,2018-11-27,autumn,0,11,0,1,tuesday,1,1,22.79,69.8333,13.999918,810,2261
332,2018-11-28,autumn,0,11,0,2,wednesday,1,1,24.5061,74.3043,9.522174,253,3614
333,2018-11-29,autumn,0,11,0,3,thursday,1,2,22.56875,83.0833,17.292164,96,2818
334,2018-11-30,autumn,0,11,0,4,friday,1,1,15.56105,61.3333,18.167586,188,3425
335,2018-12-01,autumn,0,12,0,5,saturday,0,1,15.2777,52.4583,14.750586,182,3545
336,2018-12-02,autumn,0,12,0,6,sunday,0,1,16.57165,62.5833,6.750518,268,3672
337,2018-12-03,autumn,0,12,0,0,monday,1,1,15.5302,61.2917,6.4174811,706,2908
338,2018-12-04,autumn,0,12,0,1,tuesday,1,1,17.455,77.5833,5.6252061,634,2851
339,2018-12-05,autumn,0,12,0,2,wednesday,1,2,19.69625,82.7083,4.1679561,233,3578
340,2018-12-06,autumn,0,12,0,3,thursday,1,3,22.82,94.9583,15.583061,126,2468
341,2018-12-07,autumn,0,12,0,4,friday,1,3,20.0123,97.0417,17.833725,50,655
342,2018-12-08,autumn,0,12,0,5,saturday,0,1,12.8469,58.0,16.083886,150,3172
343,2018-12-09,autumn,0,12,0,6,sunday,0,1,15.8771,69.5833,5.5420189,261,3359
344,2018-12-10,autumn,0,12,0,0,monday,1,1,13.3206,50.75,15.625807,502,2688
345,2018-12-11,autumn,0,12,0,1,tuesday,1,1,12.6577,49.0,4.4582939,377,2366
346,2018-12-12,autumn,0,12,0,2,wednesday,1,1,13.5098,67.0833,4.25115,143,3167
347,2018-12-13,autumn,0,12,0,3,thursday,1,1,15.0569,59.0,9.41685,155,3368
348,2018-12-14,autumn,0,12,0,4,friday,1,2,16.9181,66.375,4.0842061,178,3562
349,2018-12-15,autumn,0,12,0,5,saturday,0,2,20.61185,63.4167,17.958814,181,3528
350,2018-12-16,autumn,0,12,0,6,sunday,0,2,17.99125,50.0417,17.458525,178,3399
351,2018-12-17,autumn,0,12,0,0,monday,1,2,12.46855,56.0833,16.292189,275,2464
352,2018-12-18,autumn,0,12,0,1,tuesday,1,1,12.27895,58.625,11.375193,220,2211
353,2018-12-19,autumn,0,12,0,2,wednesday,1,1,14.04665,63.75,11.584032,260,3143
354,2018-12-20,autumn,0,12,0,3,thursday,1,2,19.8227,59.5417,4.1252436,216,3534
355,2018-12-21,winter,0,12,0,4,friday,1,2,21.40085,85.8333,14.8338,107,2553
356,2018-12-22,winter,0,12,0,5,saturday,0,2,21.30605,75.75,3.167425,227,2841
357,2018-12-23,winter,0,12,0,6,sunday,0,1,18.87565,68.625,18.374482,163,2046
358,2018-12-24,winter,0,12,1,0,monday,0,1,14.9621,54.25,12.750368,155,856
359,2018-12-25,winter,0,12,1,1,tuesday,0,1,13.99805,68.1304,10.391097,303,451
360,2018-12-26,winter,0,12,0,2,wednesday,1,1,15.77675,50.6957,16.044155,430,887
361,2018-12-27,winter,0,12,0,3,thursday,1,2,16.38165,76.25,12.62615,103,1059
362,2018-12-28,winter,0,12,0,4,friday,1,1,13.9987,50.3913,19.695387,255,2047
363,2018-12-29,winter,0,12,0,5,saturday,0,1,13.1946,57.4167,8.000604,254,2169
364,2018-12-30,winter,0,12,0,6,sunday,0,1,15.9406,63.6667,9.000579,491,2508
365,2018-12-31,winter,0,12,1,0,monday,0,1,20.70605,61.5833,14.750318,665,1820
366,2019-01-01,winter,1,1,1,1,tuesday,0,1,18.78105,69.25,12.875189,686,1608
367,2019-01-02,winter,1,1,0,2,wednesday,1,1,12.6152,38.1304,22.087555,244,1707
368,2019-01-03,winter,1,1,0,3,thursday,1,1,6.31375,44.125,24.499957,89,2147
369,2019-01-04,winter,1,1,0,4,friday,1,2,5.96685,41.4583,12.3749,95,2273
370,2019-01-05,winter,1,1,0,5,saturday,0,1,13.9206,52.4167,8.709129,140,3132
371,2019-01-06,winter,1,1,0,6,sunday,0,1,17.01335,54.2083,11.249836,307,3791
372,2019-01-07,winter,1,1,0,0,monday,1,1,19.53895,53.1667,11.708786,1070,3451
373,2019-01-08,winter,1,1,0,1,tuesday,1,1,17.0129,46.5,12.833314,599,2826
374,2019-01-09,winter,1,1,0,2,wednesday,1,2,12.37395,70.1667,6.6263,106,2270
375,2019-01-10,winter,1,1,0,3,thursday,1,1,15.9413,64.6522,12.565984,173,3425
376,2019-01-11,winter,1,1,0,4,friday,1,2,14.14105,84.75,8.791807,92,2085
377,2019-01-12,winter,1,1,0,5,saturday,0,2,19.0969,80.2917,12.124789,269,3828
378,2019-01-13,winter,1,1,0,6,sunday,0,1,12.4681,50.75,25.333236,174,3040
379,2019-01-14,winter,1,1,0,0,monday,1,1,9.15435,45.75,12.541261,333,2160
380,2019-01-15,winter,1,1,0,1,tuesday,1,1,8.08125,41.9167,16.834286,284,2027
381,2019-01-16,winter,1,1,1,2,wednesday,0,1,9.53315,52.25,15.500986,217,2081
382,2019-01-17,winter,1,1,0,3,thursday,1,2,18.2139,71.6087,23.39171,127,2808
383,2019-01-18,winter,1,1,0,4,friday,1,1,13.7627,44.3333,12.125325,109,3267
384,2019-01-19,winter,1,1,0,5,saturday,0,1,9.5019,49.75,14.750586,130,3162
385,2019-01-20,winter,1,1,0,6,sunday,0,2,11.0479,45.0,13.58425,115,3048
386,2019-01-21,winter,1,1,0,0,monday,1,2,8.74375,83.125,14.917014,67,1234
387,2019-01-22,winter,1,1,0,1,tuesday,1,2,8.1125,79.625,13.375746,196,1781
388,2019-01-23,winter,1,1,0,2,wednesday,1,2,12.1529,91.125,7.417436,145,2287
389,2019-01-24,winter,1,1,0,3,thursday,1,1,17.4554,83.5833,8.292389,439,3900
390,2019-01-25,winter,1,1,0,4,friday,1,1,14.74105,64.375,10.791757,467,3803
391,2019-01-26,winter,1,1,0,5,saturday,0,2,17.8025,76.9583,4.9175186,244,3831
392,2019-01-27,winter,1,1,0,6,sunday,0,2,20.76915,74.125,22.958689,269,3187
393,2019-01-28,winter,1,1,0,0,monday,1,1,16.31895,54.3333,14.125543,775,3248
394,2019-01-29,winter,1,1,0,1,tuesday,1,1,13.63605,31.125,16.08335,558,2685
395,2019-01-30,winter,1,1,0,2,wednesday,1,1,13.13125,40.0833,14.458064,126,3498
396,2019-01-31,winter,1,1,0,3,thursday,1,1,19.06585,41.6667,17.541739,324,4185
397,2019-02-01,winter,1,2,0,4,friday,1,1,23.3269,50.7917,12.667489,304,4275
398,2019-02-02,winter,1,2,0,5,saturday,0,2,19.94855,67.2917,12.541529,190,3571
399,2019-02-03,winter,1,2,0,6,sunday,0,1,15.4673,52.6667,11.959232,310,3841
400,2019-02-04,winter,1,2,0,0,monday,1,2,13.63625,77.9583,8.167032,384,2448
401,2019-02-05,winter,1,2,0,1,tuesday,1,2,13.22605,68.7917,11.791732,318,2629
402,2019-02-06,winter,1,2,0,2,wednesday,1,1,14.8213,62.2174,10.3046,206,3578
403,2019-02-07,winter,1,2,0,3,thursday,1,1,18.0552,49.625,9.874393,199,4176
404,2019-02-08,winter,1,2,0,4,friday,1,2,13.32105,72.2917,8.959307,109,2693
405,2019-02-09,winter,1,2,0,5,saturday,0,1,13.0994,56.2083,13.000479,163,3667
406,2019-02-10,winter,1,2,0,6,sunday,0,2,14.6779,54.0,7.834243,227,3604
407,2019-02-11,winter,1,2,0,0,monday,1,3,10.54335,73.125,19.416332,192,1977
408,2019-02-12,winter,1,2,0,1,tuesday,1,1,5.0829,46.4583,12.125325,73,1456
409,2019-02-13,winter,1,2,1,2,wednesday,0,1,11.39565,41.125,11.207961,94,3328
410,2019-02-14,winter,1,2,0,3,thursday,1,2,16.6973,50.875,9.458993,135,3787
411,2019-02-15,winter,1,2,0,4,friday,1,1,17.58145,53.125,12.1672,141,4028
412,2019-02-16,winter,1,2,0,5,saturday,0,2,16.5081,75.2917,6.125475,74,2931
413,2019-02-17,winter,1,2,0,6,sunday,0,1,17.58145,63.4583,13.791682,349,3805
414,2019-02-18,winter,1,2,0,0,monday,1,1,17.77125,53.4583,12.792243,1435,2883
415,2019-02-19,winter,1,2,0,1,tuesday,1,2,13.2894,51.5833,16.958504,618,2071
416,2019-02-20,winter,1,2,1,2,wednesday,0,1,13.66955,50.7826,15.348561,502,2627
417,2019-02-21,winter,1,2,0,3,thursday,1,1,14.75565,59.4348,13.783039,163,3614
418,2019-02-22,winter,1,2,0,4,friday,1,1,19.63335,56.7917,15.709557,394,4379
419,2019-02-23,winter,1,2,0,5,saturday,0,1,22.2223,55.4583,12.791171,516,4546
420,2019-02-24,winter,1,2,0,6,sunday,0,2,20.54855,73.75,15.916989,246,3241
421,2019-02-25,winter,1,2,0,0,monday,1,1,12.78375,39.5833,12.125325,317,2415
422,2019-02-26,winter,1,2,0,1,tuesday,1,1,13.4154,41.0,13.750343,515,2874
423,2019-02-27,winter,1,2,0,2,wednesday,1,1,17.8977,49.0833,17.958211,253,4069
424,2019-02-28,winter,1,2,0,3,thursday,1,1,17.67625,39.5833,12.958939,229,4134
425,2019-03-01,winter,1,3,0,4,friday,1,1,23.76855,61.5417,15.208129,325,4665
426,2019-03-02,winter,1,3,0,5,saturday,0,2,17.9921,65.7083,9.708568,246,2948
427,2019-03-03,winter,1,3,0,6,sunday,0,2,20.6746,62.125,10.792293,956,3110
428,2019-03-04,winter,1,3,0,0,monday,1,1,15.15105,40.3333,22.416257,710,2713
429,2019-03-05,winter,1,3,0,1,tuesday,1,1,12.05855,50.625,15.333486,203,3130
430,2019-03-06,winter,1,3,0,2,wednesday,1,1,12.7521,45.6667,13.458625,221,3735
431,2019-03-07,winter,1,3,0,3,thursday,1,1,19.255,51.3333,23.167193,432,4484
432,2019-03-08,winter,1,3,0,4,friday,1,1,26.2302,56.75,12.125325,486,4896
433,2019-03-09,winter,1,3,0,5,saturday,0,2,19.85415,40.7083,12.125325,447,4122
434,2019-03-10,winter,1,3,0,6,sunday,0,1,13.88835,35.0417,15.12525,968,3150
435,2019-03-11,winter,1,3,0,0,monday,1,1,17.9835,47.6957,14.913329,1658,3253
436,2019-03-12,winter,1,3,0,1,tuesday,1,1,22.9796,48.9167,13.916771,838,4460
437,2019-03-13,winter,1,3,0,2,wednesday,1,1,27.14645,61.75,15.87565,762,5085
438,2019-03-14,winter,1,3,0,3,thursday,1,1,27.43085,50.7083,7.709154,997,5315
439,2019-03-15,winter,1,3,0,4,friday,1,1,26.64125,57.9583,10.042161,1005,5187
440,2019-03-16,winter,1,3,0,5,saturday,0,2,21.81145,84.2083,7.583864,548,3830
441,2019-03-17,winter,1,3,0,6,sunday,0,2,25.2523,75.5833,7.417168,717,4681
442,2019-03-18,winter,1,3,0,0,monday,1,2,23.2,81.0,8.501161,2207,3685
443,2019-03-19,winter,1,3,0,1,tuesday,1,1,26.64105,72.875,10.875239,982,5171
444,2019-03-20,winter,1,3,0,2,wednesday,1,1,26.92665,80.7917,8.125157,1051,5042
445,2019-03-21,spring,1,3,0,3,thursday,1,2,25.6629,82.125,6.0004061,1122,5108
446,2019-03-22,spring,1,3,0,4,friday,1,1,26.57835,83.125,7.876654,1334,5537
447,2019-03-23,spring,1,3,0,5,saturday,0,2,28.50335,69.4167,7.7921,717,5893
448,2019-03-24,spring,1,3,0,6,sunday,0,2,24.33665,88.5417,12.916461,1033,2339
449,2019-03-25,spring,1,3,0,0,monday,1,2,21.8744,88.0833,14.791925,1532,3464
450,2019-03-26,spring,1,3,0,1,tuesday,1,1,21.9375,47.7917,12.125325,795,4763
451,2019-03-27,spring,1,3,0,2,wednesday,1,1,15.7827,29.0,12.541864,531,4571
452,2019-03-28,spring,1,3,0,3,thursday,1,1,23.5475,48.125,19.541957,674,5024
453,2019-03-29,spring,1,3,0,4,friday,1,1,24.1152,43.9167,21.41655,834,5299
454,2019-03-30,spring,1,3,0,5,saturday,0,2,18.78105,58.0833,9.250489,796,4663
455,2019-03-31,spring,1,3,1,6,sunday,0,2,21.0854,73.8333,16.791339,717,3934
456,2019-04-01,spring,1,4,0,0,monday,1,2,20.86435,67.625,11.541889,717,3694
457,2019-04-02,spring,1,4,0,1,tuesday,1,1,21.37565,50.4348,20.913313,1208,4728
458,2019-04-03,spring,1,4,0,2,wednesday,1,1,23.07415,39.6667,6.708911,1348,5424
459,2019-04-04,spring,1,4,0,3,thursday,1,1,26.6725,46.9583,12.125325,1058,5378
460,2019-04-05,spring,1,4,0,4,friday,1,1,21.55815,37.4167,14.708443,1192,5265
461,2019-04-06,spring,1,4,0,5,saturday,0,1,19.53835,37.7083,20.125996,1807,4653
462,2019-04-07,spring,1,4,0,6,sunday,0,1,21.30645,25.4167,18.416357,717,3605
463,2019-04-08,spring,1,4,0,0,monday,1,1,24.62125,27.5833,15.583932,2230,2939
464,2019-04-09,spring,1,4,0,1,tuesday,1,1,23.8319,31.75,23.999132,905,4680
465,2019-04-10,spring,1,4,0,2,wednesday,1,1,21.81165,43.5,16.708125,819,5099
466,2019-04-11,spring,1,4,0,3,thursday,1,1,16.8637,46.9565,19.783358,482,4380
467,2019-04-12,spring,1,4,0,4,friday,1,1,19.3802,46.625,19.458743,663,4746
468,2019-04-13,spring,1,4,0,5,saturday,0,1,21.5904,40.8333,10.416557,1252,5146
469,2019-04-14,spring,1,4,0,6,sunday,0,1,24.3998,50.2917,12.791439,717,4665
470,2019-04-15,spring,1,4,0,0,monday,1,1,28.69375,50.7917,15.083643,717,4286
471,2019-04-16,spring,1,4,0,1,tuesday,1,1,30.74625,56.1667,19.083543,1198,5172
472,2019-04-17,spring,1,4,0,2,wednesday,1,1,29.92435,39.0417,18.333143,989,5702
473,2019-04-18,spring,1,4,0,3,thursday,1,2,22.8519,56.9167,11.250104,347,4020
474,2019-04-19,spring,1,4,0,4,friday,1,1,24.6523,61.25,4.4172564,846,5719
475,2019-04-20,spring,1,4,0,5,saturday,0,1,25.78875,69.4583,10.041357,1340,5950
476,2019-04-21,spring,1,4,0,6,sunday,0,1,27.14605,68.2917,19.000329,717,4083
477,2019-04-22,spring,1,4,0,0,monday,1,3,19.4752,83.5417,23.084582,120,907
478,2019-04-23,spring,1,4,0,1,tuesday,1,2,15.05625,76.6667,20.334232,195,3019
479,2019-04-24,spring,1,4,0,2,wednesday,1,1,20.26415,45.4167,16.708661,518,5115
480,2019-04-25,spring,1,4,0,3,thursday,1,1,23.51585,42.7917,7.959064,655,5541
481,2019-04-26,spring,1,4,0,4,friday,1,2,24.17915,75.6667,11.833875,475,4551
482,2019-04-27,spring,1,4,0,5,saturday,0,1,22.63185,40.0833,23.291411,1014,5219
483,2019-04-28,spring,1,4,0,6,sunday,0,2,18.8752,48.9583,8.708325,1120,3100
484,2019-04-29,spring,1,4,0,0,monday,1,1,22.50605,58.7083,7.832836,2229,4075
485,2019-04-30,spring,1,4,0,1,tuesday,1,2,22.8848,57.0,11.499746,665,4907
486,2019-05-01,spring,1,5,0,2,wednesday,1,2,28.85105,65.9583,10.458432,653,5087
487,2019-05-02,spring,1,5,0,3,thursday,1,1,26.8948,79.7083,9.249886,667,5502
488,2019-05-03,spring,1,5,0,4,friday,1,2,26.8621,76.8333,8.957632,764,5657
489,2019-05-04,spring,1,5,0,5,saturday,0,1,29.54585,73.5417,10.916846,1069,5227
490,2019-05-05,spring,1,5,0,6,sunday,0,2,29.2304,75.6667,10.250464,717,4387
491,2019-05-06,spring,1,5,0,0,monday,1,2,27.33685,74.0,10.041893,2135,4224
492,2019-05-07,spring,1,5,0,1,tuesday,1,2,26.3571,66.4167,15.458307,1008,5265
493,2019-05-08,spring,1,5,0,2,wednesday,1,2,27.87355,68.5833,19.833943,738,4990
494,2019-05-09,spring,1,5,0,3,thursday,1,2,27.65125,74.4167,14.499604,620,4097
495,2019-05-10,spring,1,5,0,4,friday,1,1,24.58915,55.2083,21.042221,1026,5546
496,2019-05-11,spring,1,5,0,5,saturday,0,1,26.04165,36.0417,15.874779,1319,5711
497,2019-05-12,spring,1,5,0,6,sunday,0,1,27.24085,48.0417,8.249911,717,4807
498,2019-05-13,spring,1,5,0,0,monday,1,1,29.2619,57.625,15.082839,2172,3946
499,2019-05-14,spring,1,5,0,1,tuesday,1,2,27.495,78.9583,14.250364,342,2501
500,2019-05-15,spring,1,5,0,2,wednesday,1,2,28.8202,79.4583,9.875264,625,4490
501,2019-05-16,spring,1,5,0,3,thursday,1,1,29.79875,69.7917,8.208304,991,6433
502,2019-05-17,spring,1,5,0,4,friday,1,1,28.63065,52.0,15.374825,1242,6142
503,2019-05-18,spring,1,5,0,5,saturday,0,1,27.55605,52.3333,9.166739,1521,6118
504,2019-05-19,spring,1,5,0,6,sunday,0,1,28.3454,45.625,5.626325,717,4884
505,2019-05-20,spring,1,5,0,0,monday,1,1,29.19835,53.0417,17.042589,717,4425
506,2019-05-21,spring,1,5,0,1,tuesday,1,2,28.28335,81.125,15.624668,630,3729
507,2019-05-22,spring,1,5,0,2,wednesday,1,2,29.04125,76.5833,7.917189,819,5254
508,2019-05-23,spring,1,5,0,3,thursday,1,2,29.2306,77.4583,6.834,766,4494
509,2019-05-24,spring,1,5,0,4,friday,1,1,30.335,71.6667,11.584032,1059,5711
510,2019-05-25,spring,1,5,0,5,saturday,0,1,31.37645,74.7083,9.41685,1417,5317
511,2019-05-26,spring,1,5,0,6,sunday,0,1,32.1348,73.25,13.332464,717,3681
512,2019-05-27,spring,1,5,0,0,monday,1,1,32.07125,69.7083,14.416457,717,3308
513,2019-05-28,spring,1,5,0,1,tuesday,1,1,33.965,67.625,13.166907,717,3486
514,2019-05-29,spring,1,5,1,2,wednesday,0,1,33.6496,68.4583,19.7918,880,4863
515,2019-05-30,spring,1,5,0,3,thursday,1,2,30.55645,67.0,9.000043,745,6110
516,2019-05-31,spring,1,5,0,4,friday,1,1,31.56645,49.2917,13.083693,1100,6238
517,2019-06-01,spring,1,6,0,5,saturday,0,2,30.3981,75.5417,15.916721,533,3594
518,2019-06-02,spring,1,6,0,6,sunday,0,1,28.3144,54.9167,12.499654,717,5325
519,2019-06-03,spring,1,6,0,0,monday,1,1,28.75665,49.3333,12.333829,717,5147
520,2019-06-04,spring,1,6,0,1,tuesday,1,1,28.91415,48.7083,19.083811,1071,5927
521,2019-06-05,spring,1,6,0,2,wednesday,1,2,26.2946,61.3333,14.041525,968,6033
522,2019-06-06,spring,1,6,0,3,thursday,1,1,27.1146,61.125,5.167375,1027,6028
523,2019-06-07,spring,1,6,0,4,friday,1,1,28.4721,56.7083,10.54245,1038,6456
524,2019-06-08,spring,1,6,0,5,saturday,0,1,29.8931,46.7917,11.750661,1488,6248
525,2019-06-09,spring,1,6,0,6,sunday,0,1,32.41835,43.7083,9.667229,717,4790
526,2019-06-10,spring,1,6,0,0,monday,1,1,33.17585,53.8333,8.959307,2224,4374
527,2019-06-11,spring,1,6,0,1,tuesday,1,2,32.98605,58.7917,13.916771,1017,5647
528,2019-06-12,spring,1,6,0,2,wednesday,1,2,29.89375,83.3333,14.374582,477,4495
529,2019-06-13,spring,1,6,0,3,thursday,1,1,30.55585,58.2083,22.999693,1173,6248
530,2019-06-14,spring,1,6,0,4,friday,1,1,31.21915,56.9583,17.000111,1180,6183
531,2019-06-15,spring,1,6,0,5,saturday,0,1,29.9877,58.9583,11.833339,1563,6102
532,2019-06-16,spring,1,6,0,6,sunday,0,1,29.7354,50.4167,11.166689,717,4739
533,2019-06-17,spring,1,6,0,0,monday,1,1,28.59875,59.875,9.708568,717,4344
534,2019-06-18,spring,1,6,0,1,tuesday,1,2,27.2421,77.7917,11.707982,653,4446
535,2019-06-19,spring,1,6,0,2,wednesday,1,1,32.7346,69.0,9.917139,968,5857
536,2019-06-20,spring,1,6,0,3,thursday,1,1,36.04875,59.2083,7.625404,872,5339
537,2019-06-21,summer,1,6,0,4,friday,1,1,37.6271,56.7917,7.958729,778,5127
538,2019-06-22,summer,1,6,0,5,saturday,0,1,36.20605,57.375,12.250414,964,4859
539,2019-06-23,summer,1,6,0,6,sunday,0,1,32.6396,53.4583,12.041307,717,4801
540,2019-06-24,summer,1,6,0,0,monday,1,1,33.7127,47.9167,9.750175,717,4340
541,2019-06-25,summer,1,6,0,1,tuesday,1,1,32.7021,50.4167,20.125661,1139,5640
542,2019-06-26,summer,1,6,0,2,wednesday,1,1,29.7352,37.3333,23.292014,1077,6365
543,2019-06-27,summer,1,6,0,3,thursday,1,1,32.0396,36.0,18.208925,1077,6258
544,2019-06-28,summer,1,6,0,4,friday,1,1,33.7756,42.25,11.50055,921,5958
545,2019-06-29,summer,1,6,0,5,saturday,0,1,39.33065,48.875,11.082939,829,4634
546,2019-06-30,summer,1,6,0,6,sunday,0,1,34.3754,60.125,10.791757,1455,4232
547,2019-07-01,summer,1,7,0,0,monday,1,1,37.53145,51.875,11.291443,1421,4110
548,2019-07-02,summer,1,7,0,1,tuesday,1,1,35.1019,44.7083,13.082889,904,5323
549,2019-07-03,summer,1,7,0,2,wednesday,1,1,35.1325,49.2083,8.457879,1052,5608
550,2019-07-04,summer,1,7,1,3,thursday,0,1,36.61685,53.875,9.04165,717,4841
551,2019-07-05,summer,1,7,1,4,friday,0,1,38.06835,45.7917,12.999943,1405,4836
552,2019-07-06,summer,1,7,0,5,saturday,0,1,37.62665,45.0833,9.791514,1366,4841
553,2019-07-07,summer,1,7,0,6,sunday,0,1,40.24565,49.2083,10.958118,1448,3392
554,2019-07-08,summer,1,7,0,0,monday,1,1,39.5198,57.375,8.417143,1203,3469
555,2019-07-09,summer,1,7,0,1,tuesday,1,2,32.7027,68.3333,12.125325,998,5571
556,2019-07-10,summer,1,7,0,2,wednesday,1,2,33.2398,66.75,10.166379,954,5336
557,2019-07-11,summer,1,7,0,3,thursday,1,1,32.51355,63.3333,10.166111,975,6289
558,2019-07-12,summer,1,7,0,4,friday,1,1,32.73415,52.9583,9.833925,1032,6414
559,2019-07-13,summer,1,7,0,5,saturday,0,2,33.39665,48.5833,5.41695,1511,5988
560,2019-07-14,summer,1,7,0,6,sunday,0,2,33.3021,69.9167,9.626493,717,4614
561,2019-07-15,summer,1,7,0,0,monday,1,1,35.2598,71.7917,11.166689,1920,4111
562,2019-07-16,summer,1,7,0,1,tuesday,1,1,36.20625,64.5,11.000529,1088,5742
563,2019-07-17,summer,1,7,0,2,wednesday,1,1,37.78415,50.5833,7.666743,921,5865
564,2019-07-18,summer,1,7,0,3,thursday,1,1,37.27915,57.7083,9.208614,799,4914
565,2019-07-19,summer,1,7,0,4,friday,1,1,35.7321,60.0417,11.083743,888,5703
566,2019-07-20,summer,1,7,0,5,saturday,0,2,30.65125,84.4167,14.000789,747,5123
567,2019-07-21,summer,1,7,0,6,sunday,0,3,27.4956,86.5417,14.2911,1264,3195
568,2019-07-22,summer,1,7,0,0,monday,1,2,31.15625,76.25,6.2926936,717,4866
569,2019-07-23,summer,1,7,0,1,tuesday,1,1,34.50085,69.4167,9.291761,1135,5831
570,2019-07-24,summer,1,7,0,2,wednesday,1,1,35.3225,65.5,14.167418,1140,6452
571,2019-07-25,summer,1,7,0,3,thursday,1,1,32.7027,45.0,11.0416,1383,6790
572,2019-07-26,summer,1,7,0,4,friday,1,1,36.96315,59.6667,19.082471,1036,5825
573,2019-07-27,summer,1,7,0,5,saturday,0,1,36.71085,59.4583,10.250464,1259,5645
574,2019-07-28,summer,1,7,1,6,sunday,0,1,34.8802,61.3333,10.54245,2234,4451
575,2019-07-29,summer,1,7,0,0,monday,1,1,33.39665,62.375,11.416532,2153,4444
576,2019-07-30,summer,1,7,0,1,tuesday,1,1,34.24935,66.875,10.292339,1040,6065
577,2019-07-31,summer,1,7,0,2,wednesday,1,1,33.1448,70.4167,11.083475,968,6248
578,2019-08-01,summer,1,8,0,3,thursday,1,1,33.3654,67.75,9.458993,1074,6506
579,2019-08-02,summer,1,8,0,4,friday,1,1,35.3544,65.9583,8.666718,983,6278
580,2019-08-03,summer,1,8,0,5,saturday,0,2,36.14335,64.25,14.458064,1328,5847
581,2019-08-04,summer,1,8,0,6,sunday,0,1,37.56335,61.3333,17.249686,717,4479
582,2019-08-05,summer,1,8,0,0,monday,1,1,36.55395,65.25,19.458207,1707,3757
583,2019-08-06,summer,1,8,0,1,tuesday,1,2,35.5123,65.4167,8.666718,1233,5780
584,2019-08-07,summer,1,8,0,2,wednesday,1,2,34.88105,70.375,7.832836,1278,5995
585,2019-08-08,summer,1,8,0,3,thursday,1,2,35.38585,67.2917,7.4169,1263,6271
586,2019-08-09,summer,1,8,0,4,friday,1,1,34.9754,62.0417,10.4587,1196,6090
587,2019-08-10,summer,1,8,0,5,saturday,0,2,33.3971,71.5833,16.000471,1065,4721
588,2019-08-11,summer,1,8,0,6,sunday,0,2,31.91335,73.2917,13.834093,2247,4052
589,2019-08-12,summer,1,8,0,0,monday,1,1,32.22895,53.0417,8.208304,2182,4362
590,2019-08-13,summer,1,8,0,1,tuesday,1,1,33.1127,54.5417,9.126204,1207,5676
591,2019-08-14,summer,1,8,0,2,wednesday,1,1,33.83895,68.6667,11.333586,1128,5656
592,2019-08-15,summer,1,8,0,3,thursday,1,1,32.70185,61.9583,11.374657,1198,6149
593,2019-08-16,summer,1,8,0,4,friday,1,1,32.7344,51.9167,9.500332,1338,6267
594,2019-08-17,summer,1,8,0,5,saturday,0,1,12.12,57.0833,15.500718,1483,5665
595,2019-08-18,summer,1,8,0,6,sunday,0,1,30.90355,60.3333,11.917089,717,5038
596,2019-08-19,summer,1,8,0,0,monday,1,2,30.1777,71.1667,5.79215,1208,3341
597,2019-08-20,summer,1,8,0,1,tuesday,1,2,29.79835,73.4167,8.708593,1026,5504
598,2019-08-21,summer,1,8,0,2,wednesday,1,1,30.05125,67.375,4.8756436,1081,5925
599,2019-08-22,summer,1,8,0,3,thursday,1,1,31.0927,67.7083,4.7089811,1094,6281
600,2019-08-23,summer,1,8,0,4,friday,1,1,31.8504,63.5833,5.6679186,1363,6402
601,2019-08-24,summer,1,8,0,5,saturday,0,2,32.355,61.5,4.8337686,1325,6257
602,2019-08-25,summer,1,8,0,6,sunday,0,2,30.9348,71.2917,16.375336,1829,4224
603,2019-08-26,summer,1,8,0,0,monday,1,2,29.7998,84.5833,15.333486,1483,3772
604,2019-08-27,summer,1,8,0,1,tuesday,1,1,32.7344,73.0417,8.625111,989,5928
605,2019-08-28,summer,1,8,0,2,wednesday,1,1,33.3025,62.0,12.791975,935,6105
606,2019-08-29,summer,1,8,0,3,thursday,1,1,31.78665,55.2083,7.541654,1177,6520
607,2019-08-30,summer,1,8,0,4,friday,1,1,32.63895,59.0417,5.1668189,1172,6541
608,2019-08-31,summer,1,8,0,5,saturday,0,1,34.47,58.75,11.291711,1433,5917
609,2019-09-01,summer,1,9,0,6,sunday,0,2,35.1327,63.8333,7.583529,717,3788
610,2019-09-02,summer,1,9,0,0,monday,1,2,32.45,81.5,4.2927436,717,3197
611,2019-09-03,summer,1,9,0,1,tuesday,1,1,33.08145,79.0833,10.125107,1965,4069
612,2019-09-04,summer,1,9,1,2,wednesday,0,1,34.3444,75.5,15.833507,867,5997
613,2019-09-05,summer,1,9,0,3,thursday,1,1,35.44915,74.125,12.583136,832,6280
614,2019-09-06,summer,1,9,0,4,friday,1,2,32.76645,81.0417,9.542207,611,5592
615,2019-09-07,summer,1,9,0,5,saturday,0,1,32.8602,73.625,11.500282,1045,6459
616,2019-09-08,summer,1,9,0,6,sunday,0,2,30.55605,79.9167,18.833968,1557,4419
617,2019-09-09,summer,1,9,0,0,monday,1,1,28.94625,54.75,15.041232,717,5657
618,2019-09-10,summer,1,9,0,1,tuesday,1,1,28.2827,50.375,17.333771,1118,6407
619,2019-09-11,summer,1,9,0,2,wednesday,1,1,27.7146,52.0,6.1676314,1070,6697
620,2019-09-12,summer,1,9,0,3,thursday,1,1,28.50375,57.7083,8.833682,1050,6820
621,2019-09-13,summer,1,9,0,4,friday,1,1,28.9779,63.7083,5.5422936,1054,6750
622,2019-09-14,summer,1,9,0,5,saturday,0,1,29.70415,67.25,6.958821,1379,6630
623,2019-09-15,summer,1,9,0,6,sunday,0,1,29.29335,50.1667,16.583907,717,5554
624,2019-09-16,summer,1,9,0,0,monday,1,1,28.15625,57.0,6.0422811,2166,5167
625,2019-09-17,summer,1,9,0,1,tuesday,1,2,27.6525,73.4583,10.166714,1022,5847
626,2019-09-18,summer,1,9,0,2,wednesday,1,2,28.25335,87.25,23.958329,371,3702
627,2019-09-19,summer,1,9,0,3,thursday,1,1,27.0202,53.6667,14.416725,788,6803
628,2019-09-20,summer,1,9,0,4,friday,1,1,26.6096,61.8333,7.917189,939,6781
629,2019-09-21,summer,1,9,0,5,saturday,0,1,28.59855,66.875,10.333343,1250,6917
630,2019-09-22,summer,1,9,0,6,sunday,0,1,30.5244,64.6667,19.000061,717,5883
631,2019-09-23,autumn,1,9,0,0,monday,1,1,25.94665,46.7083,14.958286,717,5453
632,2019-09-24,autumn,1,9,0,1,tuesday,1,1,25.12565,49.2917,9.541068,1001,6435
633,2019-09-25,autumn,1,9,0,2,wednesday,1,1,27.20895,57.0,15.833507,845,6693
634,2019-09-26,autumn,1,9,0,3,thursday,1,1,29.83065,63.0833,16.3748,787,6946
635,2019-09-27,autumn,1,9,0,4,friday,1,2,30.39875,69.0833,9.000914,751,6642
636,2019-09-28,autumn,1,9,0,5,saturday,0,2,29.29315,69.0,10.999993,1045,6370
637,2019-09-29,autumn,1,9,0,6,sunday,0,1,26.5148,54.2917,15.249468,717,5966
638,2019-09-30,autumn,1,9,0,0,monday,1,1,25.88315,58.3333,9.042186,2015,4874
639,2019-10-01,autumn,1,10,0,1,tuesday,1,2,25.6,64.9167,6.0838814,763,6015
640,2019-10-02,autumn,1,10,0,2,wednesday,1,3,27.11665,87.1667,6.999825,315,4324
641,2019-10-03,autumn,1,10,0,3,thursday,1,2,29.95665,79.375,4.4585686,728,6844
642,2019-10-04,autumn,1,10,0,4,friday,1,2,30.39875,72.2917,7.875582,891,6437
643,2019-10-05,autumn,1,10,0,5,saturday,0,1,29.00935,62.75,7.12545,1516,6640
644,2019-10-06,autumn,1,10,0,6,sunday,0,1,26.92605,66.4167,17.957675,717,4934
645,2019-10-07,autumn,1,10,0,0,monday,1,2,20.99065,70.8333,9.457854,781,2729
646,2019-10-08,autumn,1,10,0,1,tuesday,1,2,19.3804,70.9583,12.708493,874,4604
647,2019-10-09,autumn,1,10,0,2,wednesday,1,2,21.9056,76.1667,12.7501,601,5791
648,2019-10-10,autumn,1,10,0,3,thursday,1,1,25.1571,63.0833,12.584007,780,6911
649,2019-10-11,autumn,1,10,0,4,friday,1,1,21.55835,46.3333,12.166932,834,6736
650,2019-10-12,autumn,1,10,0,5,saturday,0,1,21.65355,53.9167,15.751164,1060,6222
651,2019-10-13,autumn,1,10,0,6,sunday,0,1,19.5698,49.4583,9.791514,2252,4857
652,2019-10-14,autumn,1,10,0,0,monday,1,1,25.4102,64.0417,18.667004,2080,4559
653,2019-10-15,autumn,1,10,0,1,tuesday,1,2,26.9575,70.75,19.834479,760,5115
654,2019-10-16,autumn,1,10,0,2,wednesday,1,1,23.0423,55.8333,12.208807,922,6612
655,2019-10-17,autumn,1,10,0,3,thursday,1,1,22.5054,69.2917,6.791857,979,6482
656,2019-10-18,autumn,1,10,0,4,friday,1,2,25.63125,72.8333,15.874779,1008,6501
657,2019-10-19,autumn,1,10,0,5,saturday,0,2,26.8948,81.5,9.041918,753,4671
658,2019-10-20,autumn,1,10,0,6,sunday,0,1,23.6421,57.2917,7.874979,717,5284
659,2019-10-21,autumn,1,10,0,0,monday,1,1,22.82145,51.0,11.125618,2132,4692
660,2019-10-22,autumn,1,10,0,1,tuesday,1,1,24.1471,56.8333,5.4593811,830,6228
661,2019-10-23,autumn,1,10,0,2,wednesday,1,1,26.5152,64.1667,6.3345686,841,6625
662,2019-10-24,autumn,1,10,0,3,thursday,1,1,27.93605,63.625,4.8762064,795,6898
663,2019-10-25,autumn,1,10,0,4,friday,1,2,26.4844,80.0417,8.333125,875,6484
664,2019-10-26,autumn,1,10,0,5,saturday,0,2,26.1375,80.7083,8.875289,1182,6262
665,2019-10-27,autumn,1,10,0,6,sunday,0,2,25.75665,72.0,15.791364,717,5209
666,2019-10-28,autumn,1,10,0,0,monday,1,2,23.38855,69.4583,12.125325,998,3461
667,2019-10-29,autumn,1,10,0,1,tuesday,1,3,21.97,88.0,23.9994,2,20
668,2019-10-30,autumn,1,10,0,2,wednesday,1,2,15.49545,82.5455,14.271603,87,1009
669,2019-10-31,autumn,1,10,0,3,thursday,1,2,18.055,66.6667,11.166689,419,5147
670,2019-11-01,autumn,1,11,0,4,friday,1,2,18.4971,58.1667,10.542182,466,5520
671,2019-11-02,autumn,1,11,0,5,saturday,0,1,17.8021,52.2083,17.833725,618,5229
672,2019-11-03,autumn,1,11,0,6,sunday,0,2,16.1923,49.125,18.125443,1029,4109
673,2019-11-04,autumn,1,11,0,0,monday,1,1,16.4769,53.2917,12.000236,1201,3906
674,2019-11-05,autumn,1,11,0,1,tuesday,1,1,15.40375,49.4167,15.833775,378,4881
675,2019-11-06,autumn,1,11,0,2,wednesday,1,1,14.07835,56.7083,11.625371,466,5220
676,2019-11-07,autumn,1,11,0,3,thursday,1,2,13.73105,54.75,20.375236,326,4709
677,2019-11-08,autumn,1,11,0,4,friday,1,1,17.09455,33.3478,23.304945,340,4975
678,2019-11-09,autumn,1,11,0,5,saturday,0,1,17.77065,54.0833,14.375386,709,5283
679,2019-11-10,autumn,1,11,1,6,sunday,0,1,19.69685,64.5417,3.8756686,2090,4446
680,2019-11-11,autumn,1,11,0,0,monday,1,1,21.08565,65.9167,8.5425,717,4562
681,2019-11-12,autumn,1,11,0,1,tuesday,1,1,23.76915,74.1667,11.625639,1097,5172
682,2019-11-13,autumn,1,11,0,2,wednesday,1,2,16.16125,66.2917,22.917082,327,3767
683,2019-11-14,autumn,1,11,0,3,thursday,1,1,14.07815,55.2083,13.374875,373,5122
684,2019-11-15,autumn,1,11,0,4,friday,1,2,16.2246,62.0417,10.250129,320,5125
685,2019-11-16,autumn,1,11,0,5,saturday,0,1,17.3602,52.4583,11.458675,484,5214
686,2019-11-17,autumn,1,11,0,6,sunday,0,1,16.31915,54.5417,12.041843,1313,4316
687,2019-11-18,autumn,1,11,0,0,monday,1,1,16.8873,69.2917,15.250004,922,3747
688,2019-11-19,autumn,1,11,0,1,tuesday,1,2,18.78105,62.3333,15.749489,449,5050
689,2019-11-20,autumn,1,11,0,2,wednesday,1,2,19.03335,68.5,5.542575,534,5100
690,2019-11-21,autumn,1,11,0,3,thursday,1,1,18.2446,61.375,6.917482,615,4531
691,2019-11-22,autumn,1,11,0,4,friday,1,1,17.51855,58.0417,3.5423436,955,1470
692,2019-11-23,autumn,1,11,1,5,saturday,0,1,18.93895,56.875,9.917407,1603,2307
693,2019-11-24,autumn,1,11,1,6,sunday,0,1,12.4371,40.4583,25.250357,532,1745
694,2019-11-25,autumn,1,11,0,0,monday,1,1,12.87915,46.8333,10.0835,309,2115
695,2019-11-26,autumn,1,11,0,1,tuesday,1,1,16.9502,53.5417,3.12555,337,4750
696,2019-11-27,autumn,1,11,0,2,wednesday,1,2,14.0779,78.6667,15.916654,123,3836
697,2019-11-28,autumn,1,11,0,3,thursday,1,1,14.4881,50.625,14.125007,198,5062
698,2019-11-29,autumn,1,11,0,4,friday,1,1,14.9211,55.5652,7.739974,243,5080
699,2019-11-30,autumn,1,11,0,5,saturday,0,1,16.19335,64.9583,3.9175436,362,5306
700,2019-12-01,autumn,1,12,0,6,sunday,0,2,15.8452,80.6667,4.0001814,951,4240
701,2019-12-02,autumn,1,12,0,0,monday,1,2,17.9604,82.3333,8.333393,892,3757
702,2019-12-03,autumn,1,12,0,1,tuesday,1,1,22.7898,76.75,5.5422936,555,5679
703,2019-12-04,autumn,1,12,0,2,wednesday,1,1,23.4527,73.375,11.666643,551,6055
704,2019-12-05,autumn,1,12,0,3,thursday,1,1,21.4006,48.5,21.709407,331,5398
705,2019-12-06,autumn,1,12,0,4,friday,1,1,12.9102,50.875,11.708518,340,5035
706,2019-12-07,autumn,1,12,0,5,saturday,0,2,16.0979,76.4167,8.7502,349,4659
707,2019-12-08,autumn,1,12,0,6,sunday,0,2,19.4754,91.125,6.792393,1153,4429
708,2019-12-09,autumn,1,12,0,0,monday,1,2,19.5073,90.5417,10.584325,441,2787
709,2019-12-10,autumn,1,12,0,1,tuesday,1,2,21.77875,92.5,12.750636,329,4841
710,2019-12-11,autumn,1,12,0,2,wednesday,1,2,16.91815,59.6667,19.834479,282,5219
711,2019-12-12,autumn,1,12,0,3,thursday,1,2,14.8669,53.8333,10.916779,310,5009
712,2019-12-13,autumn,1,12,0,4,friday,1,1,14.7094,48.5833,11.666643,425,5107
713,2019-12-14,autumn,1,12,0,5,saturday,0,1,14.7096,64.2917,8.792343,429,5182
714,2019-12-15,autumn,1,12,0,6,sunday,0,1,16.91915,65.0417,7.12545,767,4280
715,2019-12-16,autumn,1,12,0,0,monday,1,2,18.4969,83.875,6.749714,538,3248
716,2019-12-17,autumn,1,12,0,1,tuesday,1,2,20.075,90.7083,6.5833061,212,4373
717,2019-12-18,autumn,1,12,0,2,wednesday,1,1,20.4854,66.625,14.834068,433,5124
718,2019-12-19,autumn,1,12,0,3,thursday,1,1,17.1081,62.5417,12.334164,333,4934
719,2019-12-20,autumn,1,12,0,4,friday,1,2,16.76085,66.7917,8.875021,314,3814
720,2019-12-21,winter,1,12,0,5,saturday,0,2,15.08835,55.6667,25.083661,221,3402
721,2019-12-22,winter,1,12,0,6,sunday,0,1,11.80565,44.125,12.125325,205,1544
722,2019-12-23,winter,1,12,0,0,monday,1,1,12.97355,51.5417,8.916561,408,1379
723,2019-12-24,winter,1,12,1,1,tuesday,0,2,12.945,79.1304,5.1744368,174,746
724,2019-12-25,winter,1,12,1,2,wednesday,0,2,14.72325,73.4783,11.304642,440,573
725,2019-12-26,winter,1,12,0,3,thursday,1,3,11.01665,82.3333,21.208582,9,432
726,2019-12-27,winter,1,12,0,4,friday,1,2,11.3321,65.2917,23.458911,247,1867
727,2019-12-28,winter,1,12,0,5,saturday,0,2,12.7523,59.0,10.416557,644,2451
728,2019-12-29,winter,1,12,0,6,sunday,0,2,12.12,75.2917,8.333661,159,1182
729,2019-12-30,winter,1,12,0,0,monday,1,1,11.585,48.3333,23.500518,364,1432
730,2019-12-31,winter,1,12,1,1,tuesday,0,2,11.17435,57.75,10.374682,439,2290
